"","question","answer","notion"
"1","PQ1. I think that I would like to use this notation frequently.","Neutral","positive"
"2","PQ1. I think that I would like to use this notation frequently.","Agree","positive"
"3","PQ1. I think that I would like to use this notation frequently.","Neutral","positive"
"4","PQ1. I think that I would like to use this notation frequently.","Agree","positive"
"5","PQ1. I think that I would like to use this notation frequently.","Neutral","positive"
"6","PQ1. I think that I would like to use this notation frequently.","Agree","positive"
"7","PQ1. I think that I would like to use this notation frequently.","Disagree","positive"
"8","PQ1. I think that I would like to use this notation frequently.","Neutral","positive"
"9","PQ1. I think that I would like to use this notation frequently.","Strongly Agree","positive"
"10","PQ1. I think that I would like to use this notation frequently.","Agree","positive"
"11","PQ1. I think that I would like to use this notation frequently.","Strongly Agree","positive"
"12","PQ1. I think that I would like to use this notation frequently.","Agree","positive"
"13","PQ1. I think that I would like to use this notation frequently.","Disagree","positive"
"14","PQ1. I think that I would like to use this notation frequently.","Agree","positive"
"15","PQ1. I think that I would like to use this notation frequently.","Strongly Agree","positive"
"16","PQ1. I think that I would like to use this notation frequently.","Neutral","positive"
"17","PQ1. I think that I would like to use this notation frequently.","Neutral","positive"
"18","PQ1. I think that I would like to use this notation frequently.","Agree","positive"
"19","PQ1. I think that I would like to use this notation frequently.","Strongly Agree","positive"
"20","PQ1. I think that I would like to use this notation frequently.","Strongly Agree","positive"
"21","PQ1. I think that I would like to use this notation frequently.","Strongly Disagree","positive"
"22","PQ1. I think that I would like to use this notation frequently.","Agree","positive"
"23","PQ1. I think that I would like to use this notation frequently.","Agree","positive"
"24","PQ1. I think that I would like to use this notation frequently.","Agree","positive"
"25","PQ1. I think that I would like to use this notation frequently.","Agree","positive"
"26","PQ1. I think that I would like to use this notation frequently.","Agree","positive"
"27","PQ1. I think that I would like to use this notation frequently.","Strongly Agree","positive"
"28","PQ1. I think that I would like to use this notation frequently.","Agree","positive"
"29","PQ1. I think that I would like to use this notation frequently.","Agree","positive"
"30","PQ1. I think that I would like to use this notation frequently.","Neutral","positive"
"31","PQ1. I think that I would like to use this notation frequently.","Disagree","positive"
"32","PQ1. I think that I would like to use this notation frequently.","Disagree","positive"
"33","PQ1. I think that I would like to use this notation frequently.","Neutral","positive"
"34","PQ1. I think that I would like to use this notation frequently.","Disagree","positive"
"35","PQ1. I think that I would like to use this notation frequently.","Agree","positive"
"36","PQ1. I think that I would like to use this notation frequently.","Disagree","positive"
"37","PQ1. I think that I would like to use this notation frequently.","Neutral","positive"
"38","PQ1. I think that I would like to use this notation frequently.","Strongly Disagree","positive"
"39","PQ1. I think that I would like to use this notation frequently.","Neutral","positive"
"40","PQ1. I think that I would like to use this notation frequently.","Strongly Disagree","positive"
"41","PQ1. I think that I would like to use this notation frequently.","Strongly Disagree","positive"
"42","PQ1. I think that I would like to use this notation frequently.","Strongly Agree","positive"
"43","PQ1. I think that I would like to use this notation frequently.","Agree","positive"
"44","PQ1. I think that I would like to use this notation frequently.","Agree","positive"
"45","PQ1. I think that I would like to use this notation frequently.","Disagree","positive"
"46","PQ1. I think that I would like to use this notation frequently.","Neutral","positive"
"47","PQ1. I think that I would like to use this notation frequently.","Disagree","positive"
"48","PQ1. I think that I would like to use this notation frequently.","Neutral","positive"
"49","PQ1. I think that I would like to use this notation frequently.","Agree","positive"
"50","PQ1. I think that I would like to use this notation frequently.","Agree","positive"
"51","PQ1. I think that I would like to use this notation frequently.","Strongly Agree","positive"
"52","PQ1. I think that I would like to use this notation frequently.","Disagree","positive"
"53","PQ1. I think that I would like to use this notation frequently.","Agree","positive"
"54","PQ1. I think that I would like to use this notation frequently.","Neutral","positive"
"55","PQ1. I think that I would like to use this notation frequently.","Agree","positive"
"56","PQ1. I think that I would like to use this notation frequently.","Agree","positive"
"57","PQ1. I think that I would like to use this notation frequently.","Neutral","positive"
"58","PQ1. I think that I would like to use this notation frequently.","Disagree","positive"
"59","PQ1. I think that I would like to use this notation frequently.","Agree","positive"
"60","PQ1. I think that I would like to use this notation frequently.","Agree","positive"
"61","PQ1. I think that I would like to use this notation frequently.","Agree","positive"
"62","PQ1. I think that I would like to use this notation frequently.","Agree","positive"
"63","PQ1. I think that I would like to use this notation frequently.","Neutral","positive"
"64","PQ1. I think that I would like to use this notation frequently.","Disagree","positive"
"65","PQ1. I think that I would like to use this notation frequently.","Agree","positive"
"66","PQ1. I think that I would like to use this notation frequently.","Agree","positive"
"67","PQ1. I think that I would like to use this notation frequently.","Agree","positive"
"68","NQ1. I find the notation unnecessarily complex.","Neutral","negative"
"69","NQ1. I find the notation unnecessarily complex.","Strongly Disagree","negative"
"70","NQ1. I find the notation unnecessarily complex.","Neutral","negative"
"71","NQ1. I find the notation unnecessarily complex.","Strongly Disagree","negative"
"72","NQ1. I find the notation unnecessarily complex.","Strongly Disagree","negative"
"73","NQ1. I find the notation unnecessarily complex.","Disagree","negative"
"74","NQ1. I find the notation unnecessarily complex.","Agree","negative"
"75","NQ1. I find the notation unnecessarily complex.","Disagree","negative"
"76","NQ1. I find the notation unnecessarily complex.","Disagree","negative"
"77","NQ1. I find the notation unnecessarily complex.","Disagree","negative"
"78","NQ1. I find the notation unnecessarily complex.","Agree","negative"
"79","NQ1. I find the notation unnecessarily complex.","Disagree","negative"
"80","NQ1. I find the notation unnecessarily complex.","Strongly Agree","negative"
"81","NQ1. I find the notation unnecessarily complex.","Strongly Disagree","negative"
"82","NQ1. I find the notation unnecessarily complex.","Strongly Disagree","negative"
"83","NQ1. I find the notation unnecessarily complex.","Strongly Disagree","negative"
"84","NQ1. I find the notation unnecessarily complex.","Strongly Disagree","negative"
"85","NQ1. I find the notation unnecessarily complex.","Strongly Disagree","negative"
"86","NQ1. I find the notation unnecessarily complex.","Disagree","negative"
"87","NQ1. I find the notation unnecessarily complex.","Disagree","negative"
"88","NQ1. I find the notation unnecessarily complex.","Agree","negative"
"89","NQ1. I find the notation unnecessarily complex.","Disagree","negative"
"90","NQ1. I find the notation unnecessarily complex.","Strongly Disagree","negative"
"91","NQ1. I find the notation unnecessarily complex.","Strongly Disagree","negative"
"92","NQ1. I find the notation unnecessarily complex.","Strongly Disagree","negative"
"93","NQ1. I find the notation unnecessarily complex.","Strongly Disagree","negative"
"94","NQ1. I find the notation unnecessarily complex.","Disagree","negative"
"95","NQ1. I find the notation unnecessarily complex.","Agree","negative"
"96","NQ1. I find the notation unnecessarily complex.","Neutral","negative"
"97","NQ1. I find the notation unnecessarily complex.","Disagree","negative"
"98","NQ1. I find the notation unnecessarily complex.","Agree","negative"
"99","NQ1. I find the notation unnecessarily complex.","Agree","negative"
"100","NQ1. I find the notation unnecessarily complex.","Disagree","negative"
"101","NQ1. I find the notation unnecessarily complex.","Agree","negative"
"102","NQ1. I find the notation unnecessarily complex.","Strongly Disagree","negative"
"103","NQ1. I find the notation unnecessarily complex.","Neutral","negative"
"104","NQ1. I find the notation unnecessarily complex.","Neutral","negative"
"105","NQ1. I find the notation unnecessarily complex.","Agree","negative"
"106","NQ1. I find the notation unnecessarily complex.","Strongly Disagree","negative"
"107","NQ1. I find the notation unnecessarily complex.","Strongly Agree","negative"
"108","NQ1. I find the notation unnecessarily complex.","Strongly Agree","negative"
"109","NQ1. I find the notation unnecessarily complex.","Strongly Disagree","negative"
"110","NQ1. I find the notation unnecessarily complex.","Disagree","negative"
"111","NQ1. I find the notation unnecessarily complex.","Disagree","negative"
"112","NQ1. I find the notation unnecessarily complex.","Agree","negative"
"113","NQ1. I find the notation unnecessarily complex.","Neutral","negative"
"114","NQ1. I find the notation unnecessarily complex.","Neutral","negative"
"115","NQ1. I find the notation unnecessarily complex.","Disagree","negative"
"116","NQ1. I find the notation unnecessarily complex.","Strongly Disagree","negative"
"117","NQ1. I find the notation unnecessarily complex.","Disagree","negative"
"118","NQ1. I find the notation unnecessarily complex.","Strongly Disagree","negative"
"119","NQ1. I find the notation unnecessarily complex.","Strongly Disagree","negative"
"120","NQ1. I find the notation unnecessarily complex.","Strongly Disagree","negative"
"121","NQ1. I find the notation unnecessarily complex.","Strongly Disagree","negative"
"122","NQ1. I find the notation unnecessarily complex.","Disagree","negative"
"123","NQ1. I find the notation unnecessarily complex.","Disagree","negative"
"124","NQ1. I find the notation unnecessarily complex.","Disagree","negative"
"125","NQ1. I find the notation unnecessarily complex.","Neutral","negative"
"126","NQ1. I find the notation unnecessarily complex.","Disagree","negative"
"127","NQ1. I find the notation unnecessarily complex.","Strongly Disagree","negative"
"128","NQ1. I find the notation unnecessarily complex.","Agree","negative"
"129","NQ1. I find the notation unnecessarily complex.","Disagree","negative"
"130","NQ1. I find the notation unnecessarily complex.","Neutral","negative"
"131","NQ1. I find the notation unnecessarily complex.","Neutral","negative"
"132","NQ1. I find the notation unnecessarily complex.","Strongly Disagree","negative"
"133","NQ1. I find the notation unnecessarily complex.","Strongly Disagree","negative"
"134","NQ1. I find the notation unnecessarily complex.","Disagree","negative"
"135","PQ2. I think the notation would be easy to use.","Agree","positive"
"136","PQ2. I think the notation would be easy to use.","Strongly Agree","positive"
"137","PQ2. I think the notation would be easy to use.","Strongly Agree","positive"
"138","PQ2. I think the notation would be easy to use.","Agree","positive"
"139","PQ2. I think the notation would be easy to use.","Strongly Agree","positive"
"140","PQ2. I think the notation would be easy to use.","Agree","positive"
"141","PQ2. I think the notation would be easy to use.","Neutral","positive"
"142","PQ2. I think the notation would be easy to use.","Strongly Agree","positive"
"143","PQ2. I think the notation would be easy to use.","Agree","positive"
"144","PQ2. I think the notation would be easy to use.","Agree","positive"
"145","PQ2. I think the notation would be easy to use.","Agree","positive"
"146","PQ2. I think the notation would be easy to use.","Agree","positive"
"147","PQ2. I think the notation would be easy to use.","Neutral","positive"
"148","PQ2. I think the notation would be easy to use.","Strongly Agree","positive"
"149","PQ2. I think the notation would be easy to use.","Agree","positive"
"150","PQ2. I think the notation would be easy to use.","Agree","positive"
"151","PQ2. I think the notation would be easy to use.","Strongly Agree","positive"
"152","PQ2. I think the notation would be easy to use.","Agree","positive"
"153","PQ2. I think the notation would be easy to use.","Strongly Agree","positive"
"154","PQ2. I think the notation would be easy to use.","Agree","positive"
"155","PQ2. I think the notation would be easy to use.","Strongly Disagree","positive"
"156","PQ2. I think the notation would be easy to use.","Strongly Agree","positive"
"157","PQ2. I think the notation would be easy to use.","Strongly Agree","positive"
"158","PQ2. I think the notation would be easy to use.","Strongly Agree","positive"
"159","PQ2. I think the notation would be easy to use.","Strongly Agree","positive"
"160","PQ2. I think the notation would be easy to use.","Agree","positive"
"161","PQ2. I think the notation would be easy to use.","Agree","positive"
"162","PQ2. I think the notation would be easy to use.","Agree","positive"
"163","PQ2. I think the notation would be easy to use.","Agree","positive"
"164","PQ2. I think the notation would be easy to use.","Agree","positive"
"165","PQ2. I think the notation would be easy to use.","Disagree","positive"
"166","PQ2. I think the notation would be easy to use.","Neutral","positive"
"167","PQ2. I think the notation would be easy to use.","Agree","positive"
"168","PQ2. I think the notation would be easy to use.","Neutral","positive"
"169","PQ2. I think the notation would be easy to use.","Strongly Agree","positive"
"170","PQ2. I think the notation would be easy to use.","Disagree","positive"
"171","PQ2. I think the notation would be easy to use.","Neutral","positive"
"172","PQ2. I think the notation would be easy to use.","Disagree","positive"
"173","PQ2. I think the notation would be easy to use.","Agree","positive"
"174","PQ2. I think the notation would be easy to use.","Strongly Disagree","positive"
"175","PQ2. I think the notation would be easy to use.","Disagree","positive"
"176","PQ2. I think the notation would be easy to use.","Strongly Agree","positive"
"177","PQ2. I think the notation would be easy to use.","Agree","positive"
"178","PQ2. I think the notation would be easy to use.","Agree","positive"
"179","PQ2. I think the notation would be easy to use.","Disagree","positive"
"180","PQ2. I think the notation would be easy to use.","Neutral","positive"
"181","PQ2. I think the notation would be easy to use.","Disagree","positive"
"182","PQ2. I think the notation would be easy to use.","Agree","positive"
"183","PQ2. I think the notation would be easy to use.","Strongly Agree","positive"
"184","PQ2. I think the notation would be easy to use.","Strongly Agree","positive"
"185","PQ2. I think the notation would be easy to use.","Strongly Agree","positive"
"186","PQ2. I think the notation would be easy to use.","Agree","positive"
"187","PQ2. I think the notation would be easy to use.","Strongly Agree","positive"
"188","PQ2. I think the notation would be easy to use.","Strongly Agree","positive"
"189","PQ2. I think the notation would be easy to use.","Agree","positive"
"190","PQ2. I think the notation would be easy to use.","Agree","positive"
"191","PQ2. I think the notation would be easy to use.","Neutral","positive"
"192","PQ2. I think the notation would be easy to use.","Disagree","positive"
"193","PQ2. I think the notation would be easy to use.","Strongly Agree","positive"
"194","PQ2. I think the notation would be easy to use.","Strongly Agree","positive"
"195","PQ2. I think the notation would be easy to use.","Agree","positive"
"196","PQ2. I think the notation would be easy to use.","Agree","positive"
"197","PQ2. I think the notation would be easy to use.","Agree","positive"
"198","PQ2. I think the notation would be easy to use.","Agree","positive"
"199","PQ2. I think the notation would be easy to use.","Strongly Agree","positive"
"200","PQ2. I think the notation would be easy to use.","Agree","positive"
"201","PQ2. I think the notation would be easy to use.","Strongly Agree","positive"
"202","NQ2. I think that I would need the support of a technical person to be able to use this notation.","Strongly Disagree","negative"
"203","NQ2. I think that I would need the support of a technical person to be able to use this notation.","Strongly Disagree","negative"
"204","NQ2. I think that I would need the support of a technical person to be able to use this notation.","Strongly Disagree","negative"
"205","NQ2. I think that I would need the support of a technical person to be able to use this notation.","Strongly Disagree","negative"
"206","NQ2. I think that I would need the support of a technical person to be able to use this notation.","Strongly Disagree","negative"
"207","NQ2. I think that I would need the support of a technical person to be able to use this notation.","Disagree","negative"
"208","NQ2. I think that I would need the support of a technical person to be able to use this notation.","Strongly Disagree","negative"
"209","NQ2. I think that I would need the support of a technical person to be able to use this notation.","Strongly Disagree","negative"
"210","NQ2. I think that I would need the support of a technical person to be able to use this notation.","Strongly Disagree","negative"
"211","NQ2. I think that I would need the support of a technical person to be able to use this notation.","Strongly Disagree","negative"
"212","NQ2. I think that I would need the support of a technical person to be able to use this notation.","Disagree","negative"
"213","NQ2. I think that I would need the support of a technical person to be able to use this notation.","Strongly Disagree","negative"
"214","NQ2. I think that I would need the support of a technical person to be able to use this notation.","Disagree","negative"
"215","NQ2. I think that I would need the support of a technical person to be able to use this notation.","Strongly Disagree","negative"
"216","NQ2. I think that I would need the support of a technical person to be able to use this notation.","Strongly Disagree","negative"
"217","NQ2. I think that I would need the support of a technical person to be able to use this notation.","Strongly Disagree","negative"
"218","NQ2. I think that I would need the support of a technical person to be able to use this notation.","Disagree","negative"
"219","NQ2. I think that I would need the support of a technical person to be able to use this notation.","Disagree","negative"
"220","NQ2. I think that I would need the support of a technical person to be able to use this notation.","Neutral","negative"
"221","NQ2. I think that I would need the support of a technical person to be able to use this notation.","Strongly Disagree","negative"
"222","NQ2. I think that I would need the support of a technical person to be able to use this notation.","Strongly Agree","negative"
"223","NQ2. I think that I would need the support of a technical person to be able to use this notation.","Strongly Disagree","negative"
"224","NQ2. I think that I would need the support of a technical person to be able to use this notation.","Disagree","negative"
"225","NQ2. I think that I would need the support of a technical person to be able to use this notation.","Strongly Disagree","negative"
"226","NQ2. I think that I would need the support of a technical person to be able to use this notation.","Strongly Disagree","negative"
"227","NQ2. I think that I would need the support of a technical person to be able to use this notation.","Disagree","negative"
"228","NQ2. I think that I would need the support of a technical person to be able to use this notation.","Disagree","negative"
"229","NQ2. I think that I would need the support of a technical person to be able to use this notation.","Strongly Disagree","negative"
"230","NQ2. I think that I would need the support of a technical person to be able to use this notation.","Strongly Disagree","negative"
"231","NQ2. I think that I would need the support of a technical person to be able to use this notation.","Strongly Disagree","negative"
"232","NQ2. I think that I would need the support of a technical person to be able to use this notation.","Neutral","negative"
"233","NQ2. I think that I would need the support of a technical person to be able to use this notation.","Neutral","negative"
"234","NQ2. I think that I would need the support of a technical person to be able to use this notation.","Strongly Disagree","negative"
"235","NQ2. I think that I would need the support of a technical person to be able to use this notation.","Strongly Disagree","negative"
"236","NQ2. I think that I would need the support of a technical person to be able to use this notation.","Strongly Disagree","negative"
"237","NQ2. I think that I would need the support of a technical person to be able to use this notation.","Strongly Disagree","negative"
"238","NQ2. I think that I would need the support of a technical person to be able to use this notation.","Disagree","negative"
"239","NQ2. I think that I would need the support of a technical person to be able to use this notation.","Strongly Disagree","negative"
"240","NQ2. I think that I would need the support of a technical person to be able to use this notation.","Strongly Disagree","negative"
"241","NQ2. I think that I would need the support of a technical person to be able to use this notation.","Strongly Disagree","negative"
"242","NQ2. I think that I would need the support of a technical person to be able to use this notation.","Neutral","negative"
"243","NQ2. I think that I would need the support of a technical person to be able to use this notation.","Strongly Disagree","negative"
"244","NQ2. I think that I would need the support of a technical person to be able to use this notation.","Strongly Disagree","negative"
"245","NQ2. I think that I would need the support of a technical person to be able to use this notation.","Disagree","negative"
"246","NQ2. I think that I would need the support of a technical person to be able to use this notation.","Disagree","negative"
"247","NQ2. I think that I would need the support of a technical person to be able to use this notation.","Disagree","negative"
"248","NQ2. I think that I would need the support of a technical person to be able to use this notation.","Neutral","negative"
"249","NQ2. I think that I would need the support of a technical person to be able to use this notation.","Strongly Disagree","negative"
"250","NQ2. I think that I would need the support of a technical person to be able to use this notation.","Strongly Disagree","negative"
"251","NQ2. I think that I would need the support of a technical person to be able to use this notation.","Strongly Disagree","negative"
"252","NQ2. I think that I would need the support of a technical person to be able to use this notation.","Strongly Agree","negative"
"253","NQ2. I think that I would need the support of a technical person to be able to use this notation.","Strongly Disagree","negative"
"254","NQ2. I think that I would need the support of a technical person to be able to use this notation.","Strongly Disagree","negative"
"255","NQ2. I think that I would need the support of a technical person to be able to use this notation.","Disagree","negative"
"256","NQ2. I think that I would need the support of a technical person to be able to use this notation.","Neutral","negative"
"257","NQ2. I think that I would need the support of a technical person to be able to use this notation.","Disagree","negative"
"258","NQ2. I think that I would need the support of a technical person to be able to use this notation.","Neutral","negative"
"259","NQ2. I think that I would need the support of a technical person to be able to use this notation.","Neutral","negative"
"260","NQ2. I think that I would need the support of a technical person to be able to use this notation.","Strongly Disagree","negative"
"261","NQ2. I think that I would need the support of a technical person to be able to use this notation.","Strongly Disagree","negative"
"262","NQ2. I think that I would need the support of a technical person to be able to use this notation.","Disagree","negative"
"263","NQ2. I think that I would need the support of a technical person to be able to use this notation.","Strongly Disagree","negative"
"264","NQ2. I think that I would need the support of a technical person to be able to use this notation.","Disagree","negative"
"265","NQ2. I think that I would need the support of a technical person to be able to use this notation.","Strongly Disagree","negative"
"266","NQ2. I think that I would need the support of a technical person to be able to use this notation.","Strongly Disagree","negative"
"267","NQ2. I think that I would need the support of a technical person to be able to use this notation.","Strongly Disagree","negative"
"268","NQ2. I think that I would need the support of a technical person to be able to use this notation.","Disagree","negative"
"269","PQ3. I find the various functions in this notation are well integrated.","Neutral","positive"
"270","PQ3. I find the various functions in this notation are well integrated.","Agree","positive"
"271","PQ3. I find the various functions in this notation are well integrated.","Agree","positive"
"272","PQ3. I find the various functions in this notation are well integrated.","Agree","positive"
"273","PQ3. I find the various functions in this notation are well integrated.","Agree","positive"
"274","PQ3. I find the various functions in this notation are well integrated.","Agree","positive"
"275","PQ3. I find the various functions in this notation are well integrated.","Neutral","positive"
"276","PQ3. I find the various functions in this notation are well integrated.","Strongly Agree","positive"
"277","PQ3. I find the various functions in this notation are well integrated.","Strongly Agree","positive"
"278","PQ3. I find the various functions in this notation are well integrated.","Strongly Agree","positive"
"279","PQ3. I find the various functions in this notation are well integrated.","Agree","positive"
"280","PQ3. I find the various functions in this notation are well integrated.","Agree","positive"
"281","PQ3. I find the various functions in this notation are well integrated.","Agree","positive"
"282","PQ3. I find the various functions in this notation are well integrated.","Neutral","positive"
"283","PQ3. I find the various functions in this notation are well integrated.","Strongly Agree","positive"
"284","PQ3. I find the various functions in this notation are well integrated.","Agree","positive"
"285","PQ3. I find the various functions in this notation are well integrated.","Agree","positive"
"286","PQ3. I find the various functions in this notation are well integrated.","Agree","positive"
"287","PQ3. I find the various functions in this notation are well integrated.","Strongly Agree","positive"
"288","PQ3. I find the various functions in this notation are well integrated.","Agree","positive"
"289","PQ3. I find the various functions in this notation are well integrated.","Strongly Disagree","positive"
"290","PQ3. I find the various functions in this notation are well integrated.","Agree","positive"
"291","PQ3. I find the various functions in this notation are well integrated.","Agree","positive"
"292","PQ3. I find the various functions in this notation are well integrated.","Agree","positive"
"293","PQ3. I find the various functions in this notation are well integrated.","Strongly Agree","positive"
"294","PQ3. I find the various functions in this notation are well integrated.","Strongly Agree","positive"
"295","PQ3. I find the various functions in this notation are well integrated.","Agree","positive"
"296","PQ3. I find the various functions in this notation are well integrated.","Disagree","positive"
"297","PQ3. I find the various functions in this notation are well integrated.","Agree","positive"
"298","PQ3. I find the various functions in this notation are well integrated.","Agree","positive"
"299","PQ3. I find the various functions in this notation are well integrated.","Agree","positive"
"300","PQ3. I find the various functions in this notation are well integrated.","Agree","positive"
"301","PQ3. I find the various functions in this notation are well integrated.","Agree","positive"
"302","PQ3. I find the various functions in this notation are well integrated.","Neutral","positive"
"303","PQ3. I find the various functions in this notation are well integrated.","Agree","positive"
"304","PQ3. I find the various functions in this notation are well integrated.","Agree","positive"
"305","PQ3. I find the various functions in this notation are well integrated.","Disagree","positive"
"306","PQ3. I find the various functions in this notation are well integrated.","Neutral","positive"
"307","PQ3. I find the various functions in this notation are well integrated.","Disagree","positive"
"308","PQ3. I find the various functions in this notation are well integrated.","Strongly Disagree","positive"
"309","PQ3. I find the various functions in this notation are well integrated.","Agree","positive"
"310","PQ3. I find the various functions in this notation are well integrated.","Strongly Agree","positive"
"311","PQ3. I find the various functions in this notation are well integrated.","Agree","positive"
"312","PQ3. I find the various functions in this notation are well integrated.","Agree","positive"
"313","PQ3. I find the various functions in this notation are well integrated.","Neutral","positive"
"314","PQ3. I find the various functions in this notation are well integrated.","Agree","positive"
"315","PQ3. I find the various functions in this notation are well integrated.","Disagree","positive"
"316","PQ3. I find the various functions in this notation are well integrated.","Agree","positive"
"317","PQ3. I find the various functions in this notation are well integrated.","Agree","positive"
"318","PQ3. I find the various functions in this notation are well integrated.","Agree","positive"
"319","PQ3. I find the various functions in this notation are well integrated.","Strongly Agree","positive"
"320","PQ3. I find the various functions in this notation are well integrated.","Strongly Agree","positive"
"321","PQ3. I find the various functions in this notation are well integrated.","Strongly Agree","positive"
"322","PQ3. I find the various functions in this notation are well integrated.","Agree","positive"
"323","PQ3. I find the various functions in this notation are well integrated.","Strongly Agree","positive"
"324","PQ3. I find the various functions in this notation are well integrated.","Agree","positive"
"325","PQ3. I find the various functions in this notation are well integrated.","Strongly Agree","positive"
"326","PQ3. I find the various functions in this notation are well integrated.","Neutral","positive"
"327","PQ3. I find the various functions in this notation are well integrated.","Strongly Agree","positive"
"328","PQ3. I find the various functions in this notation are well integrated.","Agree","positive"
"329","PQ3. I find the various functions in this notation are well integrated.","Strongly Agree","positive"
"330","PQ3. I find the various functions in this notation are well integrated.","Agree","positive"
"331","PQ3. I find the various functions in this notation are well integrated.","Agree","positive"
"332","PQ3. I find the various functions in this notation are well integrated.","Agree","positive"
"333","PQ3. I find the various functions in this notation are well integrated.","Strongly Agree","positive"
"334","PQ3. I find the various functions in this notation are well integrated.","Agree","positive"
"335","PQ3. I find the various functions in this notation are well integrated.","Agree","positive"
"336","NQ3. I think there is too much inconsistency in this notation.","Disagree","negative"
"337","NQ3. I think there is too much inconsistency in this notation.","Strongly Disagree","negative"
"338","NQ3. I think there is too much inconsistency in this notation.","Disagree","negative"
"339","NQ3. I think there is too much inconsistency in this notation.","Strongly Disagree","negative"
"340","NQ3. I think there is too much inconsistency in this notation.","Disagree","negative"
"341","NQ3. I think there is too much inconsistency in this notation.","Disagree","negative"
"342","NQ3. I think there is too much inconsistency in this notation.","Disagree","negative"
"343","NQ3. I think there is too much inconsistency in this notation.","Strongly Disagree","negative"
"344","NQ3. I think there is too much inconsistency in this notation.","Strongly Disagree","negative"
"345","NQ3. I think there is too much inconsistency in this notation.","Strongly Disagree","negative"
"346","NQ3. I think there is too much inconsistency in this notation.","Disagree","negative"
"347","NQ3. I think there is too much inconsistency in this notation.","Disagree","negative"
"348","NQ3. I think there is too much inconsistency in this notation.","Disagree","negative"
"349","NQ3. I think there is too much inconsistency in this notation.","Strongly Disagree","negative"
"350","NQ3. I think there is too much inconsistency in this notation.","Strongly Disagree","negative"
"351","NQ3. I think there is too much inconsistency in this notation.","Strongly Disagree","negative"
"352","NQ3. I think there is too much inconsistency in this notation.","Strongly Disagree","negative"
"353","NQ3. I think there is too much inconsistency in this notation.","Disagree","negative"
"354","NQ3. I think there is too much inconsistency in this notation.","Disagree","negative"
"355","NQ3. I think there is too much inconsistency in this notation.","Strongly Disagree","negative"
"356","NQ3. I think there is too much inconsistency in this notation.","Agree","negative"
"357","NQ3. I think there is too much inconsistency in this notation.","Disagree","negative"
"358","NQ3. I think there is too much inconsistency in this notation.","Strongly Disagree","negative"
"359","NQ3. I think there is too much inconsistency in this notation.","Disagree","negative"
"360","NQ3. I think there is too much inconsistency in this notation.","Strongly Disagree","negative"
"361","NQ3. I think there is too much inconsistency in this notation.","Strongly Disagree","negative"
"362","NQ3. I think there is too much inconsistency in this notation.","Disagree","negative"
"363","NQ3. I think there is too much inconsistency in this notation.","Disagree","negative"
"364","NQ3. I think there is too much inconsistency in this notation.","Disagree","negative"
"365","NQ3. I think there is too much inconsistency in this notation.","Strongly Disagree","negative"
"366","NQ3. I think there is too much inconsistency in this notation.","Disagree","negative"
"367","NQ3. I think there is too much inconsistency in this notation.","Disagree","negative"
"368","NQ3. I think there is too much inconsistency in this notation.","Agree","negative"
"369","NQ3. I think there is too much inconsistency in this notation.","Agree","negative"
"370","NQ3. I think there is too much inconsistency in this notation.","Strongly Disagree","negative"
"371","NQ3. I think there is too much inconsistency in this notation.","Strongly Disagree","negative"
"372","NQ3. I think there is too much inconsistency in this notation.","Agree","negative"
"373","NQ3. I think there is too much inconsistency in this notation.","Neutral","negative"
"374","NQ3. I think there is too much inconsistency in this notation.","Strongly Disagree","negative"
"375","NQ3. I think there is too much inconsistency in this notation.","Neutral","negative"
"376","NQ3. I think there is too much inconsistency in this notation.","Disagree","negative"
"377","NQ3. I think there is too much inconsistency in this notation.","Strongly Disagree","negative"
"378","NQ3. I think there is too much inconsistency in this notation.","Disagree","negative"
"379","NQ3. I think there is too much inconsistency in this notation.","Disagree","negative"
"380","NQ3. I think there is too much inconsistency in this notation.","Disagree","negative"
"381","NQ3. I think there is too much inconsistency in this notation.","Disagree","negative"
"382","NQ3. I think there is too much inconsistency in this notation.","Neutral","negative"
"383","NQ3. I think there is too much inconsistency in this notation.","Disagree","negative"
"384","NQ3. I think there is too much inconsistency in this notation.","Strongly Disagree","negative"
"385","NQ3. I think there is too much inconsistency in this notation.","Disagree","negative"
"386","NQ3. I think there is too much inconsistency in this notation.","Strongly Disagree","negative"
"387","NQ3. I think there is too much inconsistency in this notation.","Agree","negative"
"388","NQ3. I think there is too much inconsistency in this notation.","Disagree","negative"
"389","NQ3. I think there is too much inconsistency in this notation.","Strongly Disagree","negative"
"390","NQ3. I think there is too much inconsistency in this notation.","Neutral","negative"
"391","NQ3. I think there is too much inconsistency in this notation.","Disagree","negative"
"392","NQ3. I think there is too much inconsistency in this notation.","Strongly Disagree","negative"
"393","NQ3. I think there is too much inconsistency in this notation.","Neutral","negative"
"394","NQ3. I think there is too much inconsistency in this notation.","Strongly Disagree","negative"
"395","NQ3. I think there is too much inconsistency in this notation.","Strongly Disagree","negative"
"396","NQ3. I think there is too much inconsistency in this notation.","Strongly Disagree","negative"
"397","NQ3. I think there is too much inconsistency in this notation.","Strongly Disagree","negative"
"398","NQ3. I think there is too much inconsistency in this notation.","Strongly Disagree","negative"
"399","NQ3. I think there is too much inconsistency in this notation.","Neutral","negative"
"400","NQ3. I think there is too much inconsistency in this notation.","Strongly Disagree","negative"
"401","NQ3. I think there is too much inconsistency in this notation.","Strongly Disagree","negative"
"402","NQ3. I think there is too much inconsistency in this notation.","Strongly Disagree","negative"
"403","PQ4. I would imagine that most people would learn to use this notation very quickly.","Agree","positive"
"404","PQ4. I would imagine that most people would learn to use this notation very quickly.","Strongly Agree","positive"
"405","PQ4. I would imagine that most people would learn to use this notation very quickly.","Strongly Agree","positive"
"406","PQ4. I would imagine that most people would learn to use this notation very quickly.","Neutral","positive"
"407","PQ4. I would imagine that most people would learn to use this notation very quickly.","Strongly Agree","positive"
"408","PQ4. I would imagine that most people would learn to use this notation very quickly.","Agree","positive"
"409","PQ4. I would imagine that most people would learn to use this notation very quickly.","Strongly Agree","positive"
"410","PQ4. I would imagine that most people would learn to use this notation very quickly.","Agree","positive"
"411","PQ4. I would imagine that most people would learn to use this notation very quickly.","Agree","positive"
"412","PQ4. I would imagine that most people would learn to use this notation very quickly.","Strongly Agree","positive"
"413","PQ4. I would imagine that most people would learn to use this notation very quickly.","Agree","positive"
"414","PQ4. I would imagine that most people would learn to use this notation very quickly.","Agree","positive"
"415","PQ4. I would imagine that most people would learn to use this notation very quickly.","Disagree","positive"
"416","PQ4. I would imagine that most people would learn to use this notation very quickly.","Strongly Agree","positive"
"417","PQ4. I would imagine that most people would learn to use this notation very quickly.","Strongly Agree","positive"
"418","PQ4. I would imagine that most people would learn to use this notation very quickly.","Strongly Agree","positive"
"419","PQ4. I would imagine that most people would learn to use this notation very quickly.","Agree","positive"
"420","PQ4. I would imagine that most people would learn to use this notation very quickly.","Agree","positive"
"421","PQ4. I would imagine that most people would learn to use this notation very quickly.","Strongly Agree","positive"
"422","PQ4. I would imagine that most people would learn to use this notation very quickly.","Disagree","positive"
"423","PQ4. I would imagine that most people would learn to use this notation very quickly.","Strongly Disagree","positive"
"424","PQ4. I would imagine that most people would learn to use this notation very quickly.","Agree","positive"
"425","PQ4. I would imagine that most people would learn to use this notation very quickly.","Strongly Agree","positive"
"426","PQ4. I would imagine that most people would learn to use this notation very quickly.","Strongly Agree","positive"
"427","PQ4. I would imagine that most people would learn to use this notation very quickly.","Agree","positive"
"428","PQ4. I would imagine that most people would learn to use this notation very quickly.","Agree","positive"
"429","PQ4. I would imagine that most people would learn to use this notation very quickly.","Strongly Agree","positive"
"430","PQ4. I would imagine that most people would learn to use this notation very quickly.","Agree","positive"
"431","PQ4. I would imagine that most people would learn to use this notation very quickly.","Agree","positive"
"432","PQ4. I would imagine that most people would learn to use this notation very quickly.","Neutral","positive"
"433","PQ4. I would imagine that most people would learn to use this notation very quickly.","Neutral","positive"
"434","PQ4. I would imagine that most people would learn to use this notation very quickly.","Neutral","positive"
"435","PQ4. I would imagine that most people would learn to use this notation very quickly.","Disagree","positive"
"436","PQ4. I would imagine that most people would learn to use this notation very quickly.","Neutral","positive"
"437","PQ4. I would imagine that most people would learn to use this notation very quickly.","Strongly Agree","positive"
"438","PQ4. I would imagine that most people would learn to use this notation very quickly.","Disagree","positive"
"439","PQ4. I would imagine that most people would learn to use this notation very quickly.","Neutral","positive"
"440","PQ4. I would imagine that most people would learn to use this notation very quickly.","Disagree","positive"
"441","PQ4. I would imagine that most people would learn to use this notation very quickly.","Agree","positive"
"442","PQ4. I would imagine that most people would learn to use this notation very quickly.","Strongly Disagree","positive"
"443","PQ4. I would imagine that most people would learn to use this notation very quickly.","Disagree","positive"
"444","PQ4. I would imagine that most people would learn to use this notation very quickly.","Strongly Agree","positive"
"445","PQ4. I would imagine that most people would learn to use this notation very quickly.","Agree","positive"
"446","PQ4. I would imagine that most people would learn to use this notation very quickly.","Agree","positive"
"447","PQ4. I would imagine that most people would learn to use this notation very quickly.","Neutral","positive"
"448","PQ4. I would imagine that most people would learn to use this notation very quickly.","Neutral","positive"
"449","PQ4. I would imagine that most people would learn to use this notation very quickly.","Agree","positive"
"450","PQ4. I would imagine that most people would learn to use this notation very quickly.","Neutral","positive"
"451","PQ4. I would imagine that most people would learn to use this notation very quickly.","Agree","positive"
"452","PQ4. I would imagine that most people would learn to use this notation very quickly.","Strongly Agree","positive"
"453","PQ4. I would imagine that most people would learn to use this notation very quickly.","Strongly Agree","positive"
"454","PQ4. I would imagine that most people would learn to use this notation very quickly.","Strongly Agree","positive"
"455","PQ4. I would imagine that most people would learn to use this notation very quickly.","Agree","positive"
"456","PQ4. I would imagine that most people would learn to use this notation very quickly.","Agree","positive"
"457","PQ4. I would imagine that most people would learn to use this notation very quickly.","Agree","positive"
"458","PQ4. I would imagine that most people would learn to use this notation very quickly.","Agree","positive"
"459","PQ4. I would imagine that most people would learn to use this notation very quickly.","Neutral","positive"
"460","PQ4. I would imagine that most people would learn to use this notation very quickly.","Neutral","positive"
"461","PQ4. I would imagine that most people would learn to use this notation very quickly.","Agree","positive"
"462","PQ4. I would imagine that most people would learn to use this notation very quickly.","Neutral","positive"
"463","PQ4. I would imagine that most people would learn to use this notation very quickly.","Strongly Agree","positive"
"464","PQ4. I would imagine that most people would learn to use this notation very quickly.","Strongly Agree","positive"
"465","PQ4. I would imagine that most people would learn to use this notation very quickly.","Disagree","positive"
"466","PQ4. I would imagine that most people would learn to use this notation very quickly.","Agree","positive"
"467","PQ4. I would imagine that most people would learn to use this notation very quickly.","Strongly Agree","positive"
"468","PQ4. I would imagine that most people would learn to use this notation very quickly.","Strongly Agree","positive"
"469","PQ4. I would imagine that most people would learn to use this notation very quickly.","Strongly Agree","positive"
"470","NQ4. I would find the notation very cumbersome to use.","Agree","negative"
"471","NQ4. I would find the notation very cumbersome to use.","Agree","negative"
"472","NQ4. I would find the notation very cumbersome to use.","Disagree","negative"
"473","NQ4. I would find the notation very cumbersome to use.","Strongly Disagree","negative"
"474","NQ4. I would find the notation very cumbersome to use.","Neutral","negative"
"475","NQ4. I would find the notation very cumbersome to use.","Disagree","negative"
"476","NQ4. I would find the notation very cumbersome to use.","Agree","negative"
"477","NQ4. I would find the notation very cumbersome to use.","Strongly Disagree","negative"
"478","NQ4. I would find the notation very cumbersome to use.","Strongly Agree","negative"
"479","NQ4. I would find the notation very cumbersome to use.","Strongly Disagree","negative"
"480","NQ4. I would find the notation very cumbersome to use.","Neutral","negative"
"481","NQ4. I would find the notation very cumbersome to use.","Disagree","negative"
"482","NQ4. I would find the notation very cumbersome to use.","Agree","negative"
"483","NQ4. I would find the notation very cumbersome to use.","Strongly Disagree","negative"
"484","NQ4. I would find the notation very cumbersome to use.","Agree","negative"
"485","NQ4. I would find the notation very cumbersome to use.","Neutral","negative"
"486","NQ4. I would find the notation very cumbersome to use.","Strongly Disagree","negative"
"487","NQ4. I would find the notation very cumbersome to use.","Disagree","negative"
"488","NQ4. I would find the notation very cumbersome to use.","Neutral","negative"
"489","NQ4. I would find the notation very cumbersome to use.","Strongly Disagree","negative"
"490","NQ4. I would find the notation very cumbersome to use.","Disagree","negative"
"491","NQ4. I would find the notation very cumbersome to use.","Strongly Disagree","negative"
"492","NQ4. I would find the notation very cumbersome to use.","Disagree","negative"
"493","NQ4. I would find the notation very cumbersome to use.","Disagree","negative"
"494","NQ4. I would find the notation very cumbersome to use.","Strongly Disagree","negative"
"495","NQ4. I would find the notation very cumbersome to use.","Strongly Disagree","negative"
"496","NQ4. I would find the notation very cumbersome to use.","Strongly Disagree","negative"
"497","NQ4. I would find the notation very cumbersome to use.","Neutral","negative"
"498","NQ4. I would find the notation very cumbersome to use.","Disagree","negative"
"499","NQ4. I would find the notation very cumbersome to use.","Strongly Disagree","negative"
"500","NQ4. I would find the notation very cumbersome to use.","Strongly Agree","negative"
"501","NQ4. I would find the notation very cumbersome to use.","Agree","negative"
"502","NQ4. I would find the notation very cumbersome to use.","Strongly Disagree","negative"
"503","NQ4. I would find the notation very cumbersome to use.","Agree","negative"
"504","NQ4. I would find the notation very cumbersome to use.","Strongly Disagree","negative"
"505","NQ4. I would find the notation very cumbersome to use.","Disagree","negative"
"506","NQ4. I would find the notation very cumbersome to use.","Neutral","negative"
"507","NQ4. I would find the notation very cumbersome to use.","Strongly Agree","negative"
"508","NQ4. I would find the notation very cumbersome to use.","Neutral","negative"
"509","NQ4. I would find the notation very cumbersome to use.","Strongly Agree","negative"
"510","NQ4. I would find the notation very cumbersome to use.","Strongly Agree","negative"
"511","NQ4. I would find the notation very cumbersome to use.","Strongly Disagree","negative"
"512","NQ4. I would find the notation very cumbersome to use.","Strongly Disagree","negative"
"513","NQ4. I would find the notation very cumbersome to use.","Disagree","negative"
"514","NQ4. I would find the notation very cumbersome to use.","Neutral","negative"
"515","NQ4. I would find the notation very cumbersome to use.","Disagree","negative"
"516","NQ4. I would find the notation very cumbersome to use.","Agree","negative"
"517","NQ4. I would find the notation very cumbersome to use.","Neutral","negative"
"518","NQ4. I would find the notation very cumbersome to use.","Strongly Disagree","negative"
"519","NQ4. I would find the notation very cumbersome to use.","Neutral","negative"
"520","NQ4. I would find the notation very cumbersome to use.","Strongly Disagree","negative"
"521","NQ4. I would find the notation very cumbersome to use.","Agree","negative"
"522","NQ4. I would find the notation very cumbersome to use.","Disagree","negative"
"523","NQ4. I would find the notation very cumbersome to use.","Disagree","negative"
"524","NQ4. I would find the notation very cumbersome to use.","Disagree","negative"
"525","NQ4. I would find the notation very cumbersome to use.","Agree","negative"
"526","NQ4. I would find the notation very cumbersome to use.","Neutral","negative"
"527","NQ4. I would find the notation very cumbersome to use.","Agree","negative"
"528","NQ4. I would find the notation very cumbersome to use.","Strongly Disagree","negative"
"529","NQ4. I would find the notation very cumbersome to use.","Strongly Disagree","negative"
"530","NQ4. I would find the notation very cumbersome to use.","Strongly Agree","negative"
"531","NQ4. I would find the notation very cumbersome to use.","Disagree","negative"
"532","NQ4. I would find the notation very cumbersome to use.","Agree","negative"
"533","NQ4. I would find the notation very cumbersome to use.","Disagree","negative"
"534","NQ4. I would find the notation very cumbersome to use.","Strongly Disagree","negative"
"535","NQ4. I would find the notation very cumbersome to use.","Disagree","negative"
"536","NQ4. I would find the notation very cumbersome to use.","Agree","negative"
"537","PQ5. I would feel very confident using the notation.","Neutral","positive"
"538","PQ5. I would feel very confident using the notation.","Strongly Agree","positive"
"539","PQ5. I would feel very confident using the notation.","Strongly Agree","positive"
"540","PQ5. I would feel very confident using the notation.","Agree","positive"
"541","PQ5. I would feel very confident using the notation.","Agree","positive"
"542","PQ5. I would feel very confident using the notation.","Agree","positive"
"543","PQ5. I would feel very confident using the notation.","Strongly Agree","positive"
"544","PQ5. I would feel very confident using the notation.","Strongly Agree","positive"
"545","PQ5. I would feel very confident using the notation.","Neutral","positive"
"546","PQ5. I would feel very confident using the notation.","Strongly Agree","positive"
"547","PQ5. I would feel very confident using the notation.","Disagree","positive"
"548","PQ5. I would feel very confident using the notation.","Agree","positive"
"549","PQ5. I would feel very confident using the notation.","Neutral","positive"
"550","PQ5. I would feel very confident using the notation.","Agree","positive"
"551","PQ5. I would feel very confident using the notation.","Strongly Agree","positive"
"552","PQ5. I would feel very confident using the notation.","Strongly Agree","positive"
"553","PQ5. I would feel very confident using the notation.","Agree","positive"
"554","PQ5. I would feel very confident using the notation.","Neutral","positive"
"555","PQ5. I would feel very confident using the notation.","Strongly Agree","positive"
"556","PQ5. I would feel very confident using the notation.","Agree","positive"
"557","PQ5. I would feel very confident using the notation.","Strongly Disagree","positive"
"558","PQ5. I would feel very confident using the notation.","Agree","positive"
"559","PQ5. I would feel very confident using the notation.","Agree","positive"
"560","PQ5. I would feel very confident using the notation.","Strongly Agree","positive"
"561","PQ5. I would feel very confident using the notation.","Agree","positive"
"562","PQ5. I would feel very confident using the notation.","Neutral","positive"
"563","PQ5. I would feel very confident using the notation.","Agree","positive"
"564","PQ5. I would feel very confident using the notation.","Neutral","positive"
"565","PQ5. I would feel very confident using the notation.","Agree","positive"
"566","PQ5. I would feel very confident using the notation.","Agree","positive"
"567","PQ5. I would feel very confident using the notation.","Neutral","positive"
"568","PQ5. I would feel very confident using the notation.","Disagree","positive"
"569","PQ5. I would feel very confident using the notation.","Agree","positive"
"570","PQ5. I would feel very confident using the notation.","Agree","positive"
"571","PQ5. I would feel very confident using the notation.","Strongly Agree","positive"
"572","PQ5. I would feel very confident using the notation.","Neutral","positive"
"573","PQ5. I would feel very confident using the notation.","Agree","positive"
"574","PQ5. I would feel very confident using the notation.","Disagree","positive"
"575","PQ5. I would feel very confident using the notation.","Agree","positive"
"576","PQ5. I would feel very confident using the notation.","Neutral","positive"
"577","PQ5. I would feel very confident using the notation.","Disagree","positive"
"578","PQ5. I would feel very confident using the notation.","Strongly Agree","positive"
"579","PQ5. I would feel very confident using the notation.","Strongly Agree","positive"
"580","PQ5. I would feel very confident using the notation.","Agree","positive"
"581","PQ5. I would feel very confident using the notation.","Neutral","positive"
"582","PQ5. I would feel very confident using the notation.","Neutral","positive"
"583","PQ5. I would feel very confident using the notation.","Strongly Agree","positive"
"584","PQ5. I would feel very confident using the notation.","Agree","positive"
"585","PQ5. I would feel very confident using the notation.","Agree","positive"
"586","PQ5. I would feel very confident using the notation.","Agree","positive"
"587","PQ5. I would feel very confident using the notation.","Strongly Agree","positive"
"588","PQ5. I would feel very confident using the notation.","Neutral","positive"
"589","PQ5. I would feel very confident using the notation.","Strongly Agree","positive"
"590","PQ5. I would feel very confident using the notation.","Agree","positive"
"591","PQ5. I would feel very confident using the notation.","Neutral","positive"
"592","PQ5. I would feel very confident using the notation.","Agree","positive"
"593","PQ5. I would feel very confident using the notation.","Disagree","positive"
"594","PQ5. I would feel very confident using the notation.","Neutral","positive"
"595","PQ5. I would feel very confident using the notation.","Strongly Agree","positive"
"596","PQ5. I would feel very confident using the notation.","Strongly Agree","positive"
"597","PQ5. I would feel very confident using the notation.","Agree","positive"
"598","PQ5. I would feel very confident using the notation.","Strongly Agree","positive"
"599","PQ5. I would feel very confident using the notation.","Neutral","positive"
"600","PQ5. I would feel very confident using the notation.","Agree","positive"
"601","PQ5. I would feel very confident using the notation.","Strongly Agree","positive"
"602","PQ5. I would feel very confident using the notation.","Strongly Agree","positive"
"603","PQ5. I would feel very confident using the notation.","Strongly Agree","positive"
"604","NQ5. I would need to learn a lot of things before I could get going with this notation.","Strongly Disagree","negative"
"605","NQ5. I would need to learn a lot of things before I could get going with this notation.","Strongly Disagree","negative"
"606","NQ5. I would need to learn a lot of things before I could get going with this notation.","Strongly Disagree","negative"
"607","NQ5. I would need to learn a lot of things before I could get going with this notation.","Strongly Disagree","negative"
"608","NQ5. I would need to learn a lot of things before I could get going with this notation.","Disagree","negative"
"609","NQ5. I would need to learn a lot of things before I could get going with this notation.","Disagree","negative"
"610","NQ5. I would need to learn a lot of things before I could get going with this notation.","Neutral","negative"
"611","NQ5. I would need to learn a lot of things before I could get going with this notation.","Strongly Disagree","negative"
"612","NQ5. I would need to learn a lot of things before I could get going with this notation.","Agree","negative"
"613","NQ5. I would need to learn a lot of things before I could get going with this notation.","Strongly Disagree","negative"
"614","NQ5. I would need to learn a lot of things before I could get going with this notation.","Disagree","negative"
"615","NQ5. I would need to learn a lot of things before I could get going with this notation.","Strongly Disagree","negative"
"616","NQ5. I would need to learn a lot of things before I could get going with this notation.","Disagree","negative"
"617","NQ5. I would need to learn a lot of things before I could get going with this notation.","Strongly Disagree","negative"
"618","NQ5. I would need to learn a lot of things before I could get going with this notation.","Agree","negative"
"619","NQ5. I would need to learn a lot of things before I could get going with this notation.","Strongly Disagree","negative"
"620","NQ5. I would need to learn a lot of things before I could get going with this notation.","Strongly Disagree","negative"
"621","NQ5. I would need to learn a lot of things before I could get going with this notation.","Disagree","negative"
"622","NQ5. I would need to learn a lot of things before I could get going with this notation.","Neutral","negative"
"623","NQ5. I would need to learn a lot of things before I could get going with this notation.","Disagree","negative"
"624","NQ5. I would need to learn a lot of things before I could get going with this notation.","Strongly Agree","negative"
"625","NQ5. I would need to learn a lot of things before I could get going with this notation.","Strongly Disagree","negative"
"626","NQ5. I would need to learn a lot of things before I could get going with this notation.","Disagree","negative"
"627","NQ5. I would need to learn a lot of things before I could get going with this notation.","Strongly Disagree","negative"
"628","NQ5. I would need to learn a lot of things before I could get going with this notation.","Strongly Disagree","negative"
"629","NQ5. I would need to learn a lot of things before I could get going with this notation.","Disagree","negative"
"630","NQ5. I would need to learn a lot of things before I could get going with this notation.","Strongly Disagree","negative"
"631","NQ5. I would need to learn a lot of things before I could get going with this notation.","Strongly Disagree","negative"
"632","NQ5. I would need to learn a lot of things before I could get going with this notation.","Strongly Disagree","negative"
"633","NQ5. I would need to learn a lot of things before I could get going with this notation.","Disagree","negative"
"634","NQ5. I would need to learn a lot of things before I could get going with this notation.","Neutral","negative"
"635","NQ5. I would need to learn a lot of things before I could get going with this notation.","Agree","negative"
"636","NQ5. I would need to learn a lot of things before I could get going with this notation.","Strongly Disagree","negative"
"637","NQ5. I would need to learn a lot of things before I could get going with this notation.","Disagree","negative"
"638","NQ5. I would need to learn a lot of things before I could get going with this notation.","Strongly Disagree","negative"
"639","NQ5. I would need to learn a lot of things before I could get going with this notation.","Disagree","negative"
"640","NQ5. I would need to learn a lot of things before I could get going with this notation.","Disagree","negative"
"641","NQ5. I would need to learn a lot of things before I could get going with this notation.","Strongly Disagree","negative"
"642","NQ5. I would need to learn a lot of things before I could get going with this notation.","Strongly Disagree","negative"
"643","NQ5. I would need to learn a lot of things before I could get going with this notation.","Agree","negative"
"644","NQ5. I would need to learn a lot of things before I could get going with this notation.","Disagree","negative"
"645","NQ5. I would need to learn a lot of things before I could get going with this notation.","Strongly Disagree","negative"
"646","NQ5. I would need to learn a lot of things before I could get going with this notation.","Strongly Disagree","negative"
"647","NQ5. I would need to learn a lot of things before I could get going with this notation.","Neutral","negative"
"648","NQ5. I would need to learn a lot of things before I could get going with this notation.","Disagree","negative"
"649","NQ5. I would need to learn a lot of things before I could get going with this notation.","Neutral","negative"
"650","NQ5. I would need to learn a lot of things before I could get going with this notation.","Neutral","negative"
"651","NQ5. I would need to learn a lot of things before I could get going with this notation.","Strongly Disagree","negative"
"652","NQ5. I would need to learn a lot of things before I could get going with this notation.","Strongly Disagree","negative"
"653","NQ5. I would need to learn a lot of things before I could get going with this notation.","Disagree","negative"
"654","NQ5. I would need to learn a lot of things before I could get going with this notation.","Strongly Disagree","negative"
"655","NQ5. I would need to learn a lot of things before I could get going with this notation.","Strongly Disagree","negative"
"656","NQ5. I would need to learn a lot of things before I could get going with this notation.","Strongly Disagree","negative"
"657","NQ5. I would need to learn a lot of things before I could get going with this notation.","Strongly Disagree","negative"
"658","NQ5. I would need to learn a lot of things before I could get going with this notation.","Strongly Disagree","negative"
"659","NQ5. I would need to learn a lot of things before I could get going with this notation.","Disagree","negative"
"660","NQ5. I would need to learn a lot of things before I could get going with this notation.","Agree","negative"
"661","NQ5. I would need to learn a lot of things before I could get going with this notation.","Neutral","negative"
"662","NQ5. I would need to learn a lot of things before I could get going with this notation.","Strongly Disagree","negative"
"663","NQ5. I would need to learn a lot of things before I could get going with this notation.","Strongly Disagree","negative"
"664","NQ5. I would need to learn a lot of things before I could get going with this notation.","Strongly Disagree","negative"
"665","NQ5. I would need to learn a lot of things before I could get going with this notation.","Strongly Disagree","negative"
"666","NQ5. I would need to learn a lot of things before I could get going with this notation.","Neutral","negative"
"667","NQ5. I would need to learn a lot of things before I could get going with this notation.","Strongly Disagree","negative"
"668","NQ5. I would need to learn a lot of things before I could get going with this notation.","Strongly Disagree","negative"
"669","NQ5. I would need to learn a lot of things before I could get going with this notation.","Disagree","negative"
"670","NQ5. I would need to learn a lot of things before I could get going with this notation.","Disagree","negative"
